<?xml version="1.0" encoding="UTF-8"?>
<project-private xmlns="http://www.netbeans.org/ns/project-private/1">
    <editor-bookmarks xmlns="http://www.netbeans.org/ns/editor-bookmarks/2" lastBookmarkId="0"/>
    <open-files xmlns="http://www.netbeans.org/ns/projectui-open-files/2">
        <group>
            <file>file:/C:/Users/mattr/OneDrive/Desktop/School/AA%20JAVA%20PROJECTS/BikeHire/src/bikehire/Rent.java</file>
            <file>file:/C:/Users/mattr/OneDrive/Desktop/School/AA%20JAVA%20PROJECTS/BikeHire/src/bikehire/Customer.java</file>
            <file>file:/C:/Users/mattr/OneDrive/Desktop/School/AA%20JAVA%20PROJECTS/BikeHire/src/bikehire/Bike.java</file>
            <file>file:/C:/Users/mattr/OneDrive/Desktop/School/AA%20JAVA%20PROJECTS/BikeHire/src/bikehire/BikeHire.java</file>
            <file>file:/C:/Users/mattr/OneDrive/Desktop/School/AA%20JAVA%20PROJECTS/BikeHire/src/bikehire/EBike.java</file>
        </group>
    </open-files>
</project-private>
